"","ResponseId","screener1","screener2","screener2_7_TEXT","challenges_Open","noncompliance","personnel","burnout","difficultPatients","ypControl1","articleResponse","articleResponse_Open","PANAS_1","PANAS_2","PANAS_3","PANAS_4","PANAS_5","PANAS_6","PANAS_7","PANAS_8","PANAS_9","PANAS_10","PANAS_11","PANAS_12","PANAS_13","PANAS_14","PANAS_15","PANAS_16","PANAS_17","PANAS_18","PANAS_19","PANAS_20","timer_First.Click.4","severe","treatment_1","treatmentDose_1_1","frustrating_1","initiative_1","honest_1","exaggerate_1","deserve_1","difficult_1","givingUp_1","lazy_1","motivated_1","healthImproves_1","intelligent_1","attributions_1","treatment_2","treatmentDose_2_1","notes_1","frustrating_2","initiative_2","honest_2","exaggerate_2","deserve_2","difficult_2","givingUp_2","lazy_2","motivated_2","healthImproves_2","intelligent_2","attributions_2","moveForwardOpen","notes_2","opinionPatient_Open","feelPatient_Open","yearsWork_1","specialty","jobTitle","yearsWorkCurrent_1","workWhere","workInsurancePercent_1","trainingWhere","trainingWhere_US","trainingWhere_notUS","age","gender","gender_5_TEXT","race","race_6_TEXT","race_7_TEXT","ladder","politics","income","edFather","edMother","Create.New.Field.or.Choose.From.Dropdown...","Condition"
"3","R_1kHu0EVfIAV15gP","1","1","","Insurance denials
Prior authorizations
Inbox messages","6","5","6","5","Low socioeconomic status patients not being able to make appointments or follow recommendations due to financial constraints. Prior authorizations being necessary at all. Insurance practicing medicine in place of the doctor. Low workstaff/shortages across multiple sectors of the hospital.","","","5","2","5","2","4","1","1","1","4","4","1","4","1","5","2","4","3","1","4","1","0","9","2,5","79","3","5","5","3","5","3","1","3","2","5","3","4","2,5","76","Follow up in 3 months after surgery to fix fracture. Pick up hydrocodone at local pharmacy. Please call immediately if you experience any new symptoms/changes in appearance of ankle.","3","5","5","3","5","4","1","3","2","5","3","4","Asking him if he values this relationship and if he wants to continue with me, he needs to follow my recommendations at the next appointment. Otherwise, he is free to find another doctor who can be more helpful to him.","'- Surgery scheduled xx/xx
- Acetaminophen sent to pharmacy, instructed patient to call when surgery done and will send repeat hydrocodone
- Instructed to call immediately for any changes in appearance, symptoms","He needs to take more initiative of his health for better long-term prognosis. I have no idea about the rest of what makes up Dave.","Fine. It's his health to worry about, not my own. I can only make recommendations","5","Family Medicine","Resident Physician","5","","60","1","34","","27","1","","4","","","6","4","3","3","4","","Control_Passive"
"4","R_6DTFKjF61Qb1X2h","1","5","","","","","","","","","","","","","","","","","","","","","","","","","","","","","","","","","","","","","","","","","","","","","","","","","","","","","","","","","","","","","","","","","","","","","","","","","","","","","","","","","","","","","",""
"5","R_1LA7RBsdsjbSQjc","1","1","","work hours, charting, having patients follow directions when clearly provided","5","5","5","4","high working hours","8","","4","3","4","3","4","1","2","2","3","3","2","3","1","4","2","3","3","2","4","2","2.275","9","6,7","50","5","4","4","3","5","3","2","2","3","4","3","3","6,7","35","Dave presented today with continued pain in his affected ankle. The pain has not decrease but Dave was not able to follow the pain prescription plan set forward at the last visit. I plan to represcribe medications but at a lower dose.","5","5","2","4","3","4","4","3","3","4","3","2","If imaging if clear of fracture and he can bear weight, I would refer him to a pain specialist.","Dave presents with the same level of pain as the prior follow-up visit. I will order an x-ray to confirm no fracture is present. If no fracture is present I will refer Dave to a pain specialist.","Not a great patient. Becoming suspicious of his actions.","Agitated.","2","Neurology","Researcher","2","","92","1","39","","30","1","","1","","","5","4","1","2","3","","Control_Active"
"6","R_7MnXm9MYwDjZIZI","1","1","","Paperwork
Loss of time on quality care 
Increasing pharmaceutical pressures ","5","6","6","5","There just isn’t enough time to provide quality consult with patients when you have to see 30 in a day","","","5","1","3","1","5","1","1","1","5","5","1","5","1","5","1","4","4","1","4","1","0","6","7,8","29","3","2","5","1","5","1","1","1","3","5","5","4","7,8","45","Dave came in with pain that has not improved over the last three weeks. After inquiring about whether or not he gave the treatment plan a try, he stated that he did not have the time. As the pain has not gotten worse, I encouraged him to give the Tylenol and lidocaine gel a try, rest his ankle, and report any changes. I ordered imaging to check the ankle for any internal damages. ","4","4","5","1","5","1","1","1","3","5","5","5","I would explain how important it is for him to comply with the treatment plan ","Will continue to monitor as patient attempts to adhere to treatment plan. Current pain is unchanged from 6 weeks ago. Awaiting imaging.","I think he’s a kid who just as any other kid takes for granted his ankle and thinks he’s unstoppable. Youth. ","I don’t have any ill feelings. ","12","Neurosurgery ","Surgical recovery specialist ","2","","85","1","41","","40","1","","1","","","6","3","6","2","2","","Control_Passive"
"7","R_70HKHAxzp6VBJWZ","1","1","","1)Staffing
2)Communication
3) Effects and patience with results","5","6","6","5","Barriers and family matters are big. Its a community effort.","","","3","4","4","2","4","2","4","2","3","","2","5","1","4","2","4","4","2","4","1","0","6","3,7","60","4","","4","3","5","4","4","3","4","4","4","3","1,4","62","1.patient could be a possible med seeker
2. patient is a poor historian
3. patient does not follow orders","4","5","2","5","4","5","4","5","2","4","2","1","I would advise him to follow up with his primary doctor","1. He is lazy
2. He does not follow orders
3. He is a poor historian.","He does not take directions","I would feel annoyed","8","Pscyh","MD","9","","91","1","10","","32","1","","1","","","8","6","6","4","4","","Control_Passive"
"8","R_79o8GdkwQwaFXjA","1","7","Optometrist","","","","","","","","","","","","","","","","","","","","","","","","","","","","","","","","","","","","","","","","","","","","","","","","","","","","","","","","","","","","","","","","","","","","","","","","","","","","","","","","","","","","",""
"9","R_3kik0Da04o75r2c","1","1","","It is the increased demand for documentation that takes away time from patient care. Another thing is increased litigation risk. Lastly, the increased demand to see more patients/decrease reimbursement rate.","5","6","6","5","I do not enjoy having increased demand to see more patients per hour with our dwindling reimbursement rates. Admin also creates unnecessary rule changes and increased demand, we do not need admin bloat. Lastly, the increased documentation/paperwork is extremely burnout inducing.","","","3","2","3","1","3","1","1","1","3","5","2","3","1","3","1","3","3","1","3","1","0","4","6,7","48","2","4","4","2","5","1","1","1","2","4","3","2","5,6","","Male with fracture on xray. Prescribed acetominophenol/tramadol, but not adherent to treatment. Still reports pain a few weeks later, given hydrocodone/tramadol for persistent pain.","4","4","4","2","4","3","2","4","2","4","3","2","I would be more straight forward with Dave and tell him he needs to be consistent and this is the last script I am sending. Setting proper boundaries.","Male presents today with persistent pain. Still reports not being adherent to treatment. Will send one last script and voiced the need to be persistent with treatment.","Not much, typical patient. No ill-feeling or judgement with this patient.","neutral, not upset or any other feelings. Just a part of my job.","6","Primary care","Doctor","2","","70","1","49","","30","1","","2","","","6","2","4","1","2","","Control_Passive"
"10","R_1Pw9DIAO0xL8CPf","1","1","","'- Getting patients to listen to advice/treatment plans, due to a lot of skepticism (a lot of it post COVID-19)
- Dealing with insurance agencies that will deny diagnostic tests/medications for no good clinical reason.
- Being able to build a trusting rapport with the patients you encounter, due to the first point of the growing skepticism","6","5","5","4","I think that is true in saying that staff shortages cause a lot of difficulties. Even in the hospital setting, having a lot of travel nurses that don't know the system or have a relationship with you can lead to some confusion and extra work. It's tough to get things done in a timely manner, with a lot of staff (physicians, nurses, etc. everyone) incredibly stressed and overworked. In addition to that, it's difficult to provide healthcare to non-compliant, argumentative patients at times. I think COVID really caused a trust problem between the general population and healthcare providers even though we just follow protocol and the information that comes to us from the latest research. ","9","I think these are both situations you can see first hand in healthcare currently, there's no surprise to me that these problems are seen nationwide and have stimulated discussions. I can tell with the amount of travel nurses and the frustrations voiced by other healthcare providers about the lack of staff, and the non-compliant/non-adherent patients are often seen in clinic and in the hospital in an acute setting. ","4","1","3","1","3","1","1","1","4","4","1","4","1","3","1","3","4","1","4","1","0","8","6,7","12","4","3","5","2","5","3","1","2","3","5","3","2","6,7","11","'- Patient presented with ankle pain and was diagnosed with grade 2 ankle sprain
- Prescribed acetaminophen and tramadol at low dose to help with the pain, and scheduled follow-up
- At follow-up patient reported no improvement with pain however is non-compliant with treatment. 
- Will educate on importance of treatment protocol and other education points to try to improve compliance.","5","4","5","2","5","4","2","3","2","5","3","2","I'd stress that there will be no improvement if he continues to not follow the recommended treatment plan, and I'd also ask about factors contributing to the non-compliance (ie can you not get your medication filled at a pharmacy, having trouble picking it up, etc.) and see what I could suggest/do to help reduce those factors. I'd also involve Dave in the treatment plan and see if he has any recommendations that he'd like to try. ","'- Patient returned for follow-up after explaining the importance of compliance to medication with no improvement in pain and continued non-compliance.
- Wrote the same prescriptions and had a discussion with the patient on factors contributing to non-compliance for treatment plan. 
- Worked together for therapeutic alliance, and stressed importance that improvement of symptoms unlikely without adherence. Patient understood associated risks & benefits. ","I think he is slightly difficult, it is a little frustrating that he is non-compliant with the treatment plan as it's an ankle sprain that will take time to heal. I'm sure the pain would reduce some if he took the prescribed medications. I'd want to know what factors are contributing to him not taking the medications, rather than judge him immediately. I think Dave may be misinformed about his care, or just maybe holding back his skepticism on treatment and it'd be smart to explore that. ","Slightly annoyed, but ultimately hopeful to find a way to get through. He's not insulting me, causing a ruckus or anything, so I'd still be willing to work with him and be positive about the situation. ","3","Family Medicine","PGY-2 Family Medicine","3","","70","1","50","","30","1","","2","","","8","4","7","2","3","","Control_Active"
"11","R_2OXEXP8tXcLM1KV","1","1","","Workload and Burnout: We often face heavy workloads, long hours, and high levels of stress, leading to burnout. The pressure to provide quality care while managing administrative tasks take a toll on our well-being.

Regulatory Changes and Compliance: Keeping up with constantly evolving regulations, policies, and compliance requirements can be challenging for us. Adhering to these standards while delivering patient care adds complexity to our work.

Technology Integration and Data Management: Implementing and utilizing electronic health records (EHRs), telemedicine platforms, and other technologies can be a significant challenge. We need to adapt to new systems, ensure data security, and maintain patient privacy while embracing digital advancements in healthcare.","5","5","6","5","I often face challenges due to limited resources such as medical supplies, equipment, and staffing. This impact my ability to deliver optimal care and meet the needs of all patients effectively.

Effective communication is crucial in healthcare, but some times I do encounter challenges in communicating with patients who have language barriers, cultural differences, or health literacy issues. Miscommunication lead to misunderstandings, errors, and suboptimal care.

I also encounter ethical dilemmas when making decisions about patient care, especially in situations where there are conflicting values, limited resources, or complex medical conditions. Balancing patient autonomy, beneficence, and justice can be challenging.","8","It explains the realities I face daily as an healthcare provider.","5","1","4","1","5","1","1","1","4","5","1","4","1","5","1","5","4","1","5","1","0","8","3,4","56","3","5","3","2","4","4","3","4","2","4","3","3","2,3","66","1. Dave reported experiencing persistent dull pain in his left ankle since the last visit.
2. Physical examination revealed mild swelling and tenderness around the ankle joint.
3. Recommended continued rest, elevation, and ice therapy for pain management. Advised Dave to follow up in two weeks for further evaluation if symptoms persist.","4","5","3","2","3","4","3","4","2","3","3","3","I might recommend him to another physician if he fails to adhere to prescriptions again.","1. Dave reported that the dull pain in his left ankle has worsened over the past two weeks.
2. Follow-up physical examination showed increased swelling and limited range of motion in the ankle.
3. Prescribed a stronger anti-inflammatory medication and advised Dave to schedule an in-person evaluation with an orthopedic specialist for further assessment and possible imaging studies.","He does not take his health serious","I feel terrified.","14","physiotherapy","physiotherapist","14","","63","1","5","","33","2","","1","","","6","7","7","3","3","","Control_Active"
"12","R_3f6Kpury3GEIhT6","1","1","","Insurance, EMR, and burnout","5","5","5","4","Some difficulties I encounter while providing healthcare include time constraints and burnout. I want to help everyone as best I can but I can have upwards of 20 patients a day so I need to alot my time.","","","1","2","1","1","1","1","2","1","1","1","1","4","1","1","2","2","4","1","2","1","0","6","7,8","54","4","4","5","2","4","2","2","3","4","4","3","4","6,7","64","Dave is a fast food worker who suffered an ankle sprain while at work. I put him on acetaminophen and lidocaine gel which he was noncompliant with. I switched him to a weak opioid.","4","4","5","3","4","4","2","4","3","4","3","5","I would try to tackle why it slips his mind or create a plan that allows him to adhere to the treatment strategy","Dave is a 28 y/o fast food worker who suffered an ankle sprain. He has been non compliant with his medication but we are working on a plan to increase adherence. Dave needs to stick to this for his pain to improve","He is probably a good kid but busy.","Kind of annoyed but things happen. It is just surprising that it is painful enough for him to come to the doctor but not painful enough for him to take the treatment I recommend. Almost seems like drug seeking behavior","4","Internal Medicine","Resident Physician","4","","60","1","15","","24","1","","2","","","5","3","6","4","4","","Control_Passive"
"13","R_5NV9HBLfjDeI0o8","1","1","","1. Patient buy-in for new/advanced treatments. Sometimes, when discussing the possibility of a new/improved treatment option, it can be challenging to increase patient willingness to consider this option and its associated benefits. 

2. Navigating frequent ED visits related to medication non-compliance or gaps in health literacy.

3. Navigating patient compliance with relation to follow-up testing/appointments.","6","4","6","5","There are times when staffing concerns become a tremendous issue at my hospital; this is most often encountered during the weekends when the patient census increases and there are a limited number of readily-available providers to see them. Often times, this results in a much higher patient load for the physicians working in in-patient care. It appears that limited staffing not only impacts the number of patients that can be readily seen, but also takes a major toll on the length of hospital stay and the resulting number of available patient beds. ","9","Patient non-compliance and limited staffing, in the general sense, are strong contributors to physician burnout, and lead to overall poor patient outcomes, longer hospital stays, and the reduced availability of beds for new high-acuity patients. ","4","2","4","1","4","1","1","1","4","4","1","5","1","4","1","5","5","1","4","1","0","8","5,7","60","4","5","5","2","5","3","1","2","1","5","3","2","2,5","52","Dave sees his provider for complaint of acute ankle pain sustained after a mild traumatic injury.

Provider orders diagnostic imaging, which confirms a lateral malleolar displacement fracture consistent with Dave's pain.

Provider prescribes moderate dose acetaminophen and a weak opioid for pain control.

After follow-up, Dave's pain has not improved, but he admits to non-adherence to provider's plan due to lack of time. ","5","5","5","2","5","4","2","4","1","5","3","1","I would re-explain my recommendations to Dave and emphasize their associated benefits in the hopes that it would increase his compliance. ","Dave returns to provider for follow-up. His pain is not improved.

Provider asks Dave if he has followed any recommendations for improving his pain.

Dave states that he has not followed recommendations because it ""slipped his mind"".

Dave continues to have ongoing pain related to his traumatic ankle injury. ","I wonder what Dave's motivations are for seeking care if he is intent on not following recommendations. I would be curious about his understanding of the relationship between these recommendations and the potential impact on his pain level. I think that Dave likely has a lot of things going on in his external environment that may be impacting his compliance. ","Mildly frustrated.","3","Neurology","Physician","3","","80","1","15","","40","2","","3","","","7","2","4","1","2","","Control_Active"
"14","R_68dZg6gEpenjex3","1","4","","","","","","","","","","","","","","","","","","","","","","","","","","","","","","","","","","","","","","","","","","","","","","","","","","","","","","","","","","","","","","","","","","","","","","","","","","","","","","","","","","","","","",""
"15","R_12KK0x3ry6YlUbE","1","1","","Long working hours. As far as I am concerned am always working.
Too many rules that I feel make it difficult to dispense my work in a way I see fit. Every hospital and healthcare facility I have worked in has varying degree of internal guidelines which don't always make my work any easy.
Cost of retraining or doing professional courses is too high. I have to really dig into my savings anytime I want to do a professional certification in a particular field.","6","5","6","6","Burn out due to long working hours. I work an average of 60 hours per week which is exhausting.
Non adherence to drug regime. A significant number of my patients will not adhere to the prescription I give them. 
Stressful work environment. Some of the facilities I work in have sales target and I have to try to meet my quota. This means I am working long hours and under stress.
Ill equipped facilities. Some facilities I have worked in barely had any functioning equipment yet they expected to provide excellent services to the patients. This meant that some simple procedures like x-rays had to be referred to other facilities which inconvenienced the patients and their care takers a lot.","","","4","3","4","2","3","1","2","1","3","3","2","5","1","4","1","4","5","1","4","2","0","9","5,6","32","5","4","2","4","5","5","1","3","2","5","4","1","6,8","68","Patient not adhering to previous prescription. 
Patient needs bi-weekly observation
Recommend x-ray during next visit","5","5","1","5","5","5","4","4","1","5","3","1","I would have his injury x rayed to determine if indeed there is an issue. If the report shows there is an issue I would still go ahead and treat it. If there is no issue I would release Dave and refer him to the local social workers for monitoring. He could be suffering from other undiagnosed issue.","Patient needs an urgent x ray on injury
Patient to be seen by a social worker for evaluation
Risk of misuse of drugs. Do not prescribe opiods.","He might not have the mental capacity to comprehend the importance of adhering to the drug regime. He may need a full time caretaker who will ensure he finishes his dosage as per the prescription. The patient may also be selling the prescription drugs that I am prescribing for him.","I feel a bit frustrated with the patient. IAt this stage I would refer him to another expert for evaluation.","13","Family medicine","General physician","4","","81","1","34","","38","2","","3","","","6","6","5","2","2","","Control_Passive"
"16","R_1v1fi23o1yuNr9w","1","1","","1)Finding enough time to devout to patient care in opposition to billing and documentation.
2) Dealing with insurance authorizations that requrie excessive back and forth.
3) Having to balance patient care and best interests of the patient's health with the online review system of current healthcare.","5","5","5","5","There is a level of care and dedication required to attend to patients and truly provide them with the best care you can and sometimes that requires putting everything else in life on the backburner. Some specialties allow you to turn that switch off when you head home for the day but other specialties have you just turn the switch down when you head home and you never truly get a chance to turn it off.","9","These articles described the day to day of medicine in the US and described some of the physician struggles we face. ","4","1","2","1","3","1","1","1","3","3","1","3","1","2","1","3","4","1","2","1","0","6","6,7","62","4","3","5","2","5","3","3","3","3","5","3","5","6,7","50","Patient endorses same pain as 3 weeks ago.

Has not followed reccomendations or treatment plan.

Consult patient about necessity to rest injured foot and to not weight bear to reduce pain and progress to normal life routines","4","4","4","3","5","3","1","3","3","5","3","5","I would first sternly and firmly explain to him the importance of following the health plan and my treatment recommendations in order for his ankle to improve. I would also question Dave if he has any particular difficulties in following the plan or other life activies which impact his ability to follow the current health plan.","Patient still endorses pain, non-improving.
Patient has not followed reccomendations or health plan at all, says it ""slipped his mind""
Emphasize importance and explain why I would like him to follow this health plan. Enquire if he has any particular hurdles or issues following the plan and if there is anything we can do to help him stay on track","Dave is a patient who is probably more interested in other things rather than listening to his physician and he is probably too young to understand the importance of his health.","It's a bit frustrating to have a patient who does not engage in the health plan but I also understand that Dave is a young man who may not really understand the importance of his health.","5","Anesthesiology ","Resident Physician","2","","80","1","31","","30","1","","2","","","8","3","7","3","4","","Control_Active"
"17","R_3MsTUx9zyuYeG5g","1","1","","Insurance coverage/reimbursement 
Patient policies for late or missed appointments
Human resources and administration ","6","6","5","5","Difficult patients, scheduling issues, insurance coverage, poor administration policies.","","","3","3","1","2","3","1","2","1","2","1","2","4","1","2","2","4","5","1","2","1","0","5","1,7","32","4","4","4","2","4","3","2","2","3","4","3","4","1,7","30","Patient has not been following treatment plan due to time constraints. He reports the pain has not changed. Recommending prior treatment plan again.","5","4","3","3","4","4","3","3","2","4","3","3","I would tell him that if he wants relief, he needs to follow my recommendations.","Patient has not followed recommendations for treatment. He is still in pain. Needs to follow instructions if he wants to continue care. ","He is a difficult patient.","Tired, burnout.","4","Audiology ","Doctor","3","","90","1","39","","29","2","","1","","","5","1","5","4","2","","Control_Passive"
"18","R_5k0QVUhFFNDC8BR","1","1","","Lack of care coordination
Reimbursement is low for primary care
Dealing with insurance carriers","4","6","6","4","The article is spot on in highlighting the issues today - staffing, burnout, dealing with technology.  As budgets get tighter, administrators are looking for savings and employee labor is one of the highest costs so reducing labor cost, either via technology adoption or employee attrition, is rampant.","8","All of the issues described are occurring to some degree in each physician's practice.","4","3","3","2","5","1","1","1","4","5","2","4","1","3","1","4","5","1","4","1","0","9","7,8","70","4","4","5","3","5","3","1","2","3","5","5","5","7,8","81","'-malleolar fracture with moderately severe pain
-NSAID and topical agent prescribe but no opioid
-Non-adherent with plan; pain continues","4","5","5","3","5","3","1","1","3","5","5","5","Probing questions about barriers to his adherence with treatment plan - Hx of opioid dependence/drug seeking? Cost concerns? Emphasize need for healing to avoid longer term issues with ankle.","'-Non-adherent with plan
-Still keeping appointments!
-Explored non-adherence","Making it hard on himself by not following plan","'-Worried why he's not adherent with plan but keeps his follow-up appointments.","35","IM","Sr Director","26","","70","1","44","","60","1","","1","","","8","4","7","3","2","","Control_Active"
"19","R_72JUIkZxlUss67R","1","4","","","","","","","","","","","","","","","","","","","","","","","","","","","","","","","","","","","","","","","","","","","","","","","","","","","","","","","","","","","","","","","","","","","","","","","","","","","","","","","","","","","","","",""
"20","R_7nRwP1KKea3Uizv","1","1","","1. lack of patient understanding about the importance of exams.
2. access for patients to affordable healthcare. some patients forgo medical advice due to inability to afford it.
3. lack of transparency between provider and insurance companies.","5","6","6","6","some difficulties I encounter while providing healthcare is when I encounter patients who are mean and will not listen to medical advice. You can tell them pertinent information about their health and the urgency to seek treatments but they may not care. ","","","2","3","2","3","3","1","2","4","2","2","4","3","2","1","3","2","2","3","2","2","0","6","6,8","39","4","5","5","4","4","4","2","4","2","5","3","2","6,8","38","1. dave presents with dull ankle pain at the first visit, was prescribed tramadol and topical lidocaine gel
2. dave presents at f/u visit with complaint of no improvement to pain
3. dave admits to not following the initial treatment plan.","5","5","5","5","4","5","3","5","1","4","2","2","I will recommend in person treatment for dave. I will emphasize importance of following the treatment regiment. ","1. dave is noncompliant with treatment
2. do not increase dosage for dave until he complies with initial treatment
3. recommend follow up with dave to remind him to do treatment.","I think dave does not take medical advice seriously. He is a difficult patient to treat due to noncompliance. ","I feel worthless. ","3","primary care","optometrist","3","","92","1","5","","28","2","","2","","","7","2","7","2","1","","Control_Passive"
"21","R_3ql4sts2DqhvWZe","1","1","","1. Keeping Up with advances in technology and treatments
2. Managing patients expectations and anxiety
3. Administrative and Regulatory Burden (dealing with insurance, regulations in the space, and paper work)","6","5","6","6","From my personal experience some difficulties that I encounter as a dentist while providing healthcare include keeping up with technological advances especially with everything continually changing and evolving and it almost seems impossible for my 46 year old Brain to keep up with everything, ensuring patient compliance with treatment plans and oral hygiene, addressing staffing issues, staying compliant with regulatory requirements, managing financial pressures and trying my best to maintain a healthy work-life balance while also trying spend time with my family.","9"," The articles match my experiences as a dentist. They talk about patient noncompliance, staffing problems, and keeping up with new technology. These are all challenges I face in my work.","5","2","4","1","4","1","1","1","4","4","2","3","1","4","1","4","5","2","4","1","0","7","3,4","27","5","5","5","1","5","3","2","4","3","5","3","5","3,4","68","Patient Condition: Dave recently twisted his ankle.
Treatment Given: Methadone and fentanyl administered for pain management.
Follow-Up Needed: Monitor for opioid side effects and reassess pain levels and ankle condition.","5","4","5","1","4","4","1","2","3","5","3","2","If Dave has not followed the treatment plan again, I would talk to him to understand why and address any concerns. I would then adjust the plan to make it easier for him to follow and explain why sticking to the treatment is important for his recovery and what could happen if he doesn't.","Patient Condition: Dave twisted his ankle and was given methadone and fentanyl for pain. He has not followed the treatment plan twice.
Noncompliance Discussion: Talked with Dave about why he isn't following the plan. He mentioned side effects and difficulties with the treatment.
Plan Adjustment : Changed the treatment plan to be easier for Dave. Explained why it's important to follow it and what might happen if he doesn't. Follow-up needed to check progress.","Dave seems like a good and honest person, he should try to just keep with the prescribed treatment and medicine, he should also understand that everything as a doctor we are doing is for him and for his health.","I feel kind of frustrated but we as health care providers have to try our best to help our patients as much as we can.","16","Doctor of Dental Medicine (Dentist)","Doctor of Dental Medicine (Dentist)","16","","80","1","31","","46","1","","2","","","8","5","7","3","2","","Control_Active"
"22","R_7RyFXWcQDngIg08","1","1","","1. **Workload and Time Constraints**: Healthcare providers frequently encounter heavy workloads and time constraints, leading to burnout and decreased quality of patient care. Balancing administrative tasks, patient consultations, and keeping up with medical advancements can be overwhelming.

2. **Administrative Burden**: Increasing administrative tasks, such as documentation, billing, and compliance with regulations, can consume a significant portion of healthcare providers' time, taking away from direct patient care and contributing to frustration and inefficiency.

3. **Technological Integration and Data Management**: Adopting and integrating new technologies into healthcare practices, such as electronic health records (EHRs) and telemedicine platforms, while ensuring patient privacy and data security, presents challenges. Healthcare providers must navigate complex systems and ensure seamless communication while adapting to evolving technological landscapes.


These challenges highlight the multifaceted nature of healthcare delivery and underscore the need for ongoing support, resources, and innovation to address them effectively.","5","5","6","6","1. **Communication Barriers**: Effective communication with patients from diverse backgrounds, including those with language barriers, cultural differences, or limited health literacy, can pose challenges in delivering care and ensuring patient understanding.

2. **Time Constraints**: Healthcare providers often face time constraints, which can impact the quality and depth of patient consultations, as well as the ability to address all patient concerns adequately within a limited timeframe.

3. **Emotional Demands**: Dealing with patients who are experiencing pain, distress, or emotional turmoil can be emotionally taxing for healthcare providers. Maintaining empathy and compassion while managing one's own emotional well-being is essential but challenging.

4. **Complex Cases and Uncertainty**: Managing complex medical cases or situations with uncertain outcomes requires critical thinking, diagnostic skills, and the ability to navigate ambiguity. Healthcare providers may encounter challenges in diagnosing rare conditions, determining appropriate treatment plans, and addressing unforeseen complications.

5. **Interdisciplinary Collaboration**: Collaborating with multidisciplinary healthcare teams, including specialists, nurses, therapists, and other professionals, can be challenging due to differences in perspectives, communication styles, and treatment approaches. Effective teamwork and communication are essential but require effort and coordination.","9","Because they are actually relatable","5","4","4","3","3","1","3","4","5","5","3","4","2","5","5","5","5","5","5","3","0","9","3,4","55","3","4","4","1","5","4","1","1","3","4","3","2","2,4","55","a very strong painkiller was prescribed 
he was scheduled for a surgery 
another strong painkiller was prescribed","4","4","4","2","5","3","4","4","2","4","3","2","use injection instead of prescribing drugs","He's a stubborn patient
He skips his drugs
He needs help
","he is stubborn and cares less about his health","disappointed","5","neurosurgeon ","Assistant Neurosurgeon ","4","","53","1","45","","26","1","","3","","","5","5","2","3","3","","Control_Active"
"23","R_7mHGBwUD6yBHE0V","1","1","","1) Administration/hospital systems prioritizing profit over patient care, often feeling like we are the face of poor healthcare when it comes from higher-up decisions that we cannot control
2) Chronically understaffed departments with failing equipment and higher volumes than ever before, often relying more on staff to ""do the right thing"" and work overtime without pay or do twice the amount of work for the same pay
3) People not understanding the healthcare system or falling through the cracks (ie difficulty finding primary care), putting even more strain on areas of care (especially the ER)","4","6","6","6","Often times people do not trust physicians/the healthcare system in general or do not understand it - instead of forming a partnership or therapeutic relationship, it often feels hostile or paternalistic. Others expect or demand care to be catered to their expectations, and when they cannot pick and choose the exact treatment plan or medications/disposition, they become aggressive or leave instead of listening to the healthcare team to understand why we suggest a different treatment plan.","","","4","2","2","1","3","1","1","1","3","2","1","4","1","2","1","3","4","1","2","1","0","3","7,8","54","4","3","4","1","5","2","2","1","3","4","3","5","7,8","85","'- Pain not improved x 3 weeks
- Was prescribed tylenol/lidocaine patches (not taking consistently)
- Having difficulty completing treatment regimen as prescribed due to busy schedule","4","3","4","1","5","2","2","2","3","4","3","4","Addressing why he has not tried the treatment more - assessing if he understood prior recommendations (repeat back), ask what barriers he can identify, work together to address them. If pain not improving, should see someone in office and/or referral to ortho as he may need operative fixation","'- Pain continued x3 weeks, no improvement
- Rx'd tylenol/lidocaine patches (not using consistently)
- Reports forgetting to try treatment plans","Young kid with a lot of external factors making it difficult to take medications/follow suggestions due to his environment, social pressures, cost, time strain. May not have good health literacy/understand importance of following these recommendations, may have not had good teaching in ~5min encounters.","Frustrated, tired, wanting to help but also fearing this patient will continue to not listen/forget or will not address barriers to care (or may not know to discuss these), making his condition worse. ","5","Emergency Medicine","Physician","5","","30","1","33","","28","2","","1","","","7","1","7","4","4","","Control_Passive"
"24","R_3QtpYSGgTwsXDK5","1","1","","Work hours
Interdisciplinary team dyanmics
Not having enough time with patients","5","6","5","5","Not having enough time for patient encounters and working more than scheduled","","","3","1","4","1","5","1","1","1","3","5","3","4","1","2","1","4","4","3","4","1","0","5","5,7","","1","4","4","1","5","1","1","1","2","4","3","2","2,5","85","'-Patient w/ lateral malleolar fracture necessitating surgical fixation
-Recommend alternating 1000mg tylenol q6h with ibuprofen 600mg q6h so that patient is taking one or another every 3 hours
-Recommend alternating heat and ice
-Recommend oxycodone 5mg q6h for break through pain","4","5","4","2","5","4","1","2","2","4","3","2","Recommend he see an orthopedic surgeon for surgical fixation","'-Patient has not followed up with orthopedic surgeon for surgical fixation
-Recommend investigating barriers to access to care
-Recommend instituting opioid contract ","It seems like Dave does not understand the proper management of this injury. I worry there are financial, physical or mental health barriers to his care","I feel good about engaging with Dave","5","Anesthesiology","Anesthesiologist","5","","70","1","5","","31","2","","1","","","9","2","7","4","3","","Control_Passive"
"25","R_3SUKRgSMJl9r84x","1","1","","Dealing with insurance. Continuity of care with other physicians. Managing patient expectations. ","6","6","4","6","Working with insurance to preauthorize treatments that we know would be beneficial to patients, but are locked behind time consuming peer-to-peer review processes that make our work more difficult and less streamlined. ","9","It can be incredibly frustrating when a patient discontinues a medication early without giving it a fair trial. It can lead to diagnostic confusion and frustration.","5","2","4","2","3","1","1","1","4","5","2","3","1","3","2","4","4","1","4","1","0","8","7,8","67","5","5","4","3","5","5","2","4","1","4","3","2","7,8","71","Patient reports that he has not proceeded to take acetaminophen or apply topical lidocaine as prescribed. Patient should be reminded that consistent use of medication will be required to have any appreciable effect. Patient should call office if they have further questions about the use of their medications. ","5","5","2","5","4","5","5","4","2","4","3","1","I would try to see if there are any extenuating factors that are preventing Dave from taking his medication, or if he would prefer a non-pharmacological approach to pain management.","Patient reports that they have continued to not take their medication as prescribed. Patient should be asked if they would prefer a non-pharmacological approach to pain management. Patient should be interviewed if there are any extenuating circumstances to are preventing him from taking his medication.","I think he is uninterested in his own healthcare. I am not sure why he has returned for a follow-up if he has not followed any of the instructions.","Frustrated. But I see enough similar cases that I am not surprised. ","5","Orofacial Pain","Private Practice Owner","5","","24","1","18","","30","1","","1","","","8","4","7","4","2","","Control_Active"
"26","R_7BqmMxkMsnQG8Xn","1","7","Dentist","","","","","","","","","","","","","","","","","","","","","","","","","","","","","","","","","","","","","","","","","","","","","","","","","","","","","","","","","","","","","","","","","","","","","","","","","","","","","","","","","","","","",""
"27","R_1HFVgR9jKgeAmt5","1","1","","Insurance companies dictating Healthcare (refusing to cover or forcing alternatives) 
Healthcare administration bloat (too many administrators, making pointless metrics and other obstacles to interfere with providing care)
Physician/nurse burn out","5","6","5","5","Administration getting in the way of patient care by purposefully causing staffing shortages. Another challenge is difficult and aggressive pts towards Healthcare workers which contributes to burn out. This also leads to high Staff turnover, leading to physicians getting burned out dealing with new staff all the time.","","","4","2","4","1","3","1","1","2","4","","1","2","1","3","1","3","4","1","4","2","0","5","7,8","86","5","5","5","3","4","4","3","4","1","2","3","2","6,7","70","Pt c/o ongoing bad, not improved after 3 weeks
Pt also non complaint with treatment plan and meds
Unclear if pt is restricting his activity","5","5","5","5","2","4","4","4","1","1","2","1","I would tell Dave if he doesn't take charge with his health and follow through on our recommendations then we won't be able to get him better and won't be much we can do","Ongoing non compliance with treatment plan
Unclear how much pain pt is having
Wouldn't escalate meds yet","He is frustrating to deal with since he has no motivation to take care of himself or get better. He is non compliant with this and it makes me wonder what else he is non compliant with medically","Frustrated that he is refusing to help himself or take care of himself","11","General surgery","General surgeon","11","","90","1","23","","40","1","","1","","","8","4","7","4","3","","Control_Passive"
"28","R_7x8ciTHgBx992BH","1","1","","Long hours, emotionally draining work, decreased or static Medicaid/Medicare payments","5","5","5","6","Noncompliant patients, patients unwilling to aid in their own care through lifestyle changes, increased levels of stress dealing with difficult patients and unpredictable circumstances, unrealistic expectations of patients who have chronic diseases.","8","Many of the statements made in the articles mirror my own experience.","4","2","3","1","4","1","1","1","3","4","2","5","1","4","1","5","5","1","4","1","0","8","5,8","49","5","5","3","3","4","4","4","4","1","3","3","2","6,8","57","Patient is unimproved.  Not compliant with care plan.  May be seeking more opioids.","5","5","3","3","4","4","4","4","1","3","3","2","Recommend similar treatment plan as before, reinforce that Dave is unlikely to improve unless he complies with the treatment plan.","Patient unimproved.  Noncompliant with treatment plan.  Advised patient that he is unlikely to improve without adherence to the outlined treatment plan.","He is lazy and doesn't want to take any responsibility for his own health.","Dissatisfied, a waste of time for the patient and the doctor.","42","Pediatrics/Neonatology","Physician","42","","83","1","5","","68","1","","1","","","9","2","7","3","3","","Control_Active"
"29","R_7L7ONe6mj0FEAjq","1","1","","Low insurance reimbursement and pressure to see more patients a day.
Communication between co-workers about patient issues.
Explaining to patients in terms of understanding their condition.","4","6","5","4","Demand to come up with an immediate solution to patient issues with patients believing they don't have to do anything outside of the office to get better.","9","Burnout when you are forced to see more and deal with non-compliance make you not want to go to work some days. ","5","2","1","1","5","1","1","1","1","3","2","5","1","1","1","5","5","1","5","1","0","3","7,8","15","5","5","5","1","4","4","2","3","1","4","3","1","7,8","14","Can not consider further treatment as first treatment regimen was not followed. Patient doesn't seem to be enough pain to want to treat. Suggest detailed explanation of why Tier one treatment is necessary.","5","5","5","1","3","4","4","4","1","3","2","1","I wouls ask him what he wants me to do to improve his condition?","Consistent non-compliance that varies from no time to I forgot. Can not recommend other treatment as regimen was not followed. Suspect he will not follow any further treatment plans.","I'm not sure why he is even making these appointments if he's unwilling to be compliant","Frustrated and I would have definitely been more straightforward with him telehealth visit or not. ","21","Podiatry","Physician and HR manager","7","","99","1","33","","50","2","","1","","","8","3","7","3","4","","Control_Active"
"30","R_5cj9nqSg3D7y6s3","1","1","","patient volume
insurance
note documentation
","5","4","6","5","patient noncompliance/loss to followup, insurance coverage","","","1","1","1","1","1","1","1","1","1","1","1","3","1","1","1","1","3","1","2","1","0","9","7,8","73","4","5","4","3","5","4","2","2","3","4","3","3","7,8","75","Patient was initially given acetaminophen for his pain as needed and instructed to follow up if pain does not improve. On follow-up patient reports his pain seems to be getting worse, however he states he has not been taking the acetaminophen for unknown reasons","5","5","4","3","4","5","4","3","2","4","3","2","I would ask more questions as to why he isn't taking his medication and find out if there are any external factors preventing him from doing so","Patient was instructed to continue taking acetaminophen as needed for his pain. On followup, patient reports he is still experiencing pain in his ankle; however, he has not been taking the medication because it ""slipped his mind:","Dave does not appear to be motivated in his own care and is exhibiting signs of non-compliance","pretty frustrated because I am offering him what I can as a provider to help him, but he is not doing his part in his own care","3","primary care","physician","3","","71","1","3","","33","2","","2","","","7","3","7","3","2","","Control_Passive"
"31","R_3BWs7YWfMBXKBSO","1","1","","Gaining patient trust, battling misinformation on social media, dealing with patients with unrealistic expectations.","6","5","5","5","Some difficulties I experience in providing healthcare are convincing patients that certain treatment is necessary, battling misinformation, and patient compliance. I work in the field of orthodontics, so many patients (teenagers and adults) come into consultations having already self-diagnosed their dental conditions and set their mind on a treatment time. Some believe that treatment will take much less time than it will, and are unhappy and sometimes do not believe me when I say how long treatment will take. ","","","3","1","2","1","4","1","1","1","3","3","1","4","1","3","1","3","4","1","2","1","0","6","7,8","65","4","4","4","3","5","3","2","2","3","5","3","2","7,8","68","Patient returns for follow up after being prescribed over-the-counter acetaminophen and lidocaine gel for pain relief. Patient reports that the pain has no subsided at all, though he also reports that he has not followed treatment instructions given at the last visit. Instructed patient to use prescribed medications as directed for the next 7-10 days and if pain has not resolved, return for follow up.","5","5","4","3","5","4","4","3","2","4","3","2","I would inform Dave that this pain may not subside if he doesn't follow the treatment recommendations, and that if the pain continues even if he follows the recommendations, we'll explore other options to treat his pain.","Patient returns for 2nd follow-up for ankle pain. Patient reports again that pain has not subsided, though he admits again that he has not followed treatment recommendations since last visit, as they ""slipped his mind."" Informed patient that his pain may not subside if he doesn't follow the recommended treatment, and if he still feels pain after following directions, we may explore other treatment options.","I'm disappointed in his noncompliance and am hopeful that he changes his behavior.","I feel frustrated.","7","Dentistry/Orthodontics","Orthodontic resident","2","","80","1","22","","28","2","","3","","","7","1","5","4","3","","Control_Passive"
"32","R_78BKYbvzGydBFPH","1","1","","The 3 greatest challenges are insurance, documentation, and burnout.","6","6","6","6","It is difficult to provide the best patient care possible when faced with staff shortages, increasing documentation and bulking demands, insufficient resources, and limited time.","","","2","1","1","1","1","1","1","1","1","1","1","1","1","1","1","1","2","1","1","1","0","7","5,7","47","5","5","4","2","4","4","4","3","1","3","3","4","2,5","47","Persistent pain however did not complete rehab.  No improvement with medications. Consider ortho referral and surgical management.","5","5","1","3","3","5","5","5","1","2","2","2","I would present him with my recommendations but not feel invested in his recovery since he is not putting in the work.","Continues to have pain with no improvement. Has not completed rehab or surgical consultation. Do not recommended further opiate medications.","I think he may have his reasons for not following through with treatment plans but the communication is lacking.","I feel like giving up on him and that makes me feel annoyed at him and at myself for not having more empathy and ability to connect with him.","4","Anesthesiology ","Resident anesthesiologist ","4","","75","1","5","","29","2","","2","","","6","3","5","4","4","","Control_Passive"
"33","R_7PzxfeMEk1I36Vo","1","1","","Excessive documentation, burnout, social and financial barriers to providing healthcare","5","6","6","6","Lack of time to spend meaningfully with patients, excessive documentation needs, social/financial barriers","9","They touch upon current trends contributing to provider dissatisfaction. They cite relevant statistics as evidence. ","4","3","2","3","3","3","1","2","3","2","3","5","3","2","2","4","5","1","3","1","0","8","6,7","62","5","3","5","1","5","3","4","2","2","5","3","4","5,6","64","Ankle pain
S/p suspected ankle sprain, initial conservative management with NSAIDs and tramodol for pain relief. Pt unable to take medicines as prescribed. Recommend f/u for continued pain. ","5","2","2","4","4","3","2","3","2","5","3","2","More frequent visits to touch base regarding pain and environmental/social barriers. ","Persistent left ankle pain, pt unable to take meds. Ongoing discussion about treatment of ankle pain. May explore barriers to medication adherence, alternative therapies in future visits.  ","I need more information on why he did not take his meds. ","Frustrated that he did not, but empathetic that his pain persists. I wish I had more chance to learn about his story.","3","Internal medicine","Doctor","3","","63","1","34","","34","2","","2","","","8","2","6","4","4","","Control_Active"
"34","R_7xId4HyaNMAzHLr","1","1","","Charting, burnout, encroachment on personal time","5","6","5","5","I think burnout is one of the biggest challenges in healthcare. It’s already hard enough to fully address patients concerns in the short time slots we get, but on top of that documentation demand continue to grow and encroach on like outside of the office.","8","I totally agree that burnout has been a struggle for me especially due to staffing shortages and documentation expectations for provider. I think what made me select somewhat agree versus strongly agree is because patient noncompliance is an issue in my practice, but typically my patients will comply with the plan we create together. Normally there is some compromise we can come to where a patients health condition is at least partially addressed. ","3","1","2","1","1","1","1","1","1","1","1","2","1","1","1","1","3","1","2","1","0","6","2,7","47","3","5","5","2","4","4","2","3","3","5","3","4","2,7","43","'- patient was told to take acetaminophen for pain control, however was unable to do so
- unclear what barriers prevented him from following the care plan 
- encouraged patient to try this regiment for pain control so we can assess if it will properly control his pain","4","5","4","2","4","5","3","3","2","5","3","2","I would try and dig deeper into the reason he hasn’t been following the care plan. His explanations were not very revealing of why he hasn’t been following the treatment so it would be beneficial to understand that more. From there I would explain to him that he needs to try following the care plan otherwise there is no way I can change what his treatment is. ","'-pt broke ankle and is suffering from chronic ankle pain
- plan was to treat with surgery and acetaminophen, however patient has not been compliant
- inquired more about why he has not followed the treatment as well as informed him how his pain would not improve if he did not do the treatment ","I think he is a frustrating patient because there is nothing we can do for him; while we can come up with treatment plans all day, it’s pointless if he’s not going to engage in care. It’s unclear if this is for environmental reasons or personal reasons, but regardless his problems are not being addressed properly. ","I feel a little frustrated about the situation. It is never fun to see a patient in pain especially when they are not taking steps to try and address it. ","4","Family medicine","Family medicine provider","4","","75","1","34","","24","1","","2","","","7","2","6","4","4","","Control_Active"
"35","R_1Cg4qVcN97QLCkj","1","1","","One challenge is insurance coverage - it’s tough to get the services patients need. There’s also a shortage of providers, so appointments book up quickly. There’s also some needed services that are banned by state governments.","3","6","6","4","I have biggest challenge of providing the care patients need with a short appointment time. There’s also challenges with industry expectations of patient care, which are sometimes not realistic ","","","4","1","4","2","4","1","2","1","4","4","2","3","1","4","3","4","4","1","4","2","0","6","6,7","14","4","3","4","2","5","2","2","2","3","4","3","4","6,7","21","'- has not adhered to treatment plan
- consider physical therapy 
- provided self care recommendations and continue previous treatment course ","4","4","4","3","4","4","2","3","3","4","3","2","Would explore barriers of challenges to adhering to treatment plan then adjust plan accordingly if needed ","'- continues not to adhere to treatment plans. Discussed risks of not continuing with plan
- re-encouraged PT
- connected with patient navigator to assist with accessing services ","He seems to be in a busy job that may make it harder to take medicine and keep track of his medication schedule. ","A bit frustrated though I think I would find solace if we collaborated on how we can create a treatment plan that works for him ","3","Family Medicine ","Resident Physician ","3","","89","1","5","","31","2","","2","","","7","3","5","3","3","","Control_Passive"
"36","R_1dbWwSZCGS24Yoh","1","1","","Patient loads on the system, time dedicated to each patient, and effects of socioeconomic factors hindering patient's health.","6","5","5","5","Consults for cases that truly do not warrant a specialist, but the specialist is being added on board to ""cover their bases.""","","","4","3","4","1","2","2","3","1","4","4","1","3","1","3","4","3","3","1","2","1","0","6","7,8","72","4","5","5","3","4","2","2","2","2","4","3","2","7,8","75","Dave presents with continued pain due to a previous ankle fracture.
The patient has not been able to implement the previous treatment plan of acetaminophen and lidocaine gel. 
Patient was instructed to continue to pursue this treatment plan and see if pain improvement can be achieved. If they cannot, after using this treatment then another line of therapy should be reconsidered.
Patient also advised to return if major change in sensation, pallor, or pain in affected area.","5","5","5","4","3","4","4","4","1","4","2","1","I would recommend that Dave follow the treatment plan, and if he cannot, he should consider seeing another provider to address lingering needs.","The patient returns for followup due to ankle pain. 
The patient reports not following the treatment plan and still continues to have pain.
Patient told to follow treatment plan in order to see improvement in pain.","He is not motivated to address his health concerns.","Demotivated","2","Internal Medicine","Resident","2","","50","1","45","","27","2","","3","","","5","2","4","3","3","","Control_Passive"
"37","R_7scm4xPr06wq3LU","1","1","","Shortage of staff, equipment breaking, large case load","5","6","5","5","It is difficult having an increasing case load while having staff shortages. I am in residency and it can be difficult finding an available attending to help me. Burnout is also difficult as I am working long hours and still trying to learn a lot of information in residency.","8","They are more targeted at patient facing specialties, but overall pathology is still facing similar issues of burnout and short staffing.","4","2","3","2","3","2","1","1","2","3","2","3","1","2","4","4","4","3","2","1","0","4","7,8","65","5","4","4","3","4","4","2","4","2","4","3","4","6,7","25","'-Presented with constant dull ankle pain after slipping on stairs
- Prescribed lidocaine and acetaminophen
- Persistent pain, although was not able to follow treatment plan
- Now prescribing acetaminophen and tramadol","5","4","2","4","4","4","2","4","2","4","3","2","I would say that I am unable to prescribe anything stronger but that he can continue lidocaine and acetaminophen","'- Presented with constant dull ankle pain after slipping
- Prescribed lidocaine and acetaminophen
- Above treatment plan was not followed and pain persisted
- Prescribed acetaminophen and tramadol
- Above treatment plan was not follow, pain persisted
- Continue recommendation of lidocaine and acetaminophen","I think he is not prioritizing his health, but I am not sure what factors are contributing to this","I feel frustrated that he is not following the recommendations and still needs more help","6","Pathology","Resident physician","2","","50","1","10","","27","2","","1","","","8","3","4","3","3","","Control_Active"
